{"window_best_val_loss":0.10206576436758041,"dataset_best_val_r2":-0.09049201011657715,"_timestamp":1.7709775912925975e+09,"ticker":"RBLN-B.CO","dataset_idx":72,"_step":1096,"aggregate_total_datasets":73,"dataset_best_val_loss":0.10125477612018585,"predictions_table":{"_type":"table-file","sha256":"8ec78985a69a3a1b716400093e1c58a2b0a1247c75198b7bf80b65a97bf1eb9c","ncols":6,"nrows":70,"path":"media/table/predictions_table_1095_8ec78985a69a3a1b7164.table.json","artifact_path":"wandb-client-artifact://xkw5hf3mma51ozo1de7qsj2h2jbk77t6wixwz4a4mcmmv1fy2yr9kmfjslrfqy9f4ydzegat7wzl4tcmnhx7hywd2ojayf9irt2bo2iv703zsyq6wx0mxvv4m8injxk2/predictions_table.table.json","log_mode":"IMMUTABLE","_latest_artifact_path":"wandb-client-artifact://ehea1bvfxpfmro49tt4el6ypxs9mbwadxtpfpd7uvp2kyqj77v40qu9dddevd63956jxg56sny6q2v0fq2s79ntve669qd16o8gzn4a7wgf70e9eyu9dklwdre4859cb:latest/predictions_table.table.json","size":5915},"aggregate_avg_best_val_loss":0.18151671899416086,"_wandb":{"runtime":612},"_runtime":612,"aggregate_avg_best_val_r2":-9.320827009848186,"dataset_best_window_size":14,"window_size":15,"aggregate_models_trained":70,"dataset_prediction_first_row":4.171732425689697,"window_last_train_loss":0.0783185288310051,"window_best_val_r2":-0.09922623634338379,"runtime_seconds":611.8217511177063}